<?xml version="1.0" encoding="UTF-8" standalone="yes"?>
<addon id="repository.garfield" name="Garfield_de_Kat" version="0.0.1" provider-name="Garfield">
	<extension point="xbmc.addon.repository" name="Garfield_de_Kat">
		<dir>
			<info compressed="false">https://offshoregit.com/tvaresolvers/tva-common-repository/raw/master/addons.xml</info>
			<checksum>https://offshoregit.com/tvaresolvers/tva-common-repository/raw/master/addons.xml.md5</checksum>
			<datadir zip="true">https://offshoregit.com/tvaresolvers/tva-common-repository/raw/master/zips/</datadir>
		</dir>
		<dir>
			<info compressed="false">https://raw.githubusercontent.com/noobsandnerds/modules4all/master/zips/addons.xml</info>
			<checksum>https://raw.githubusercontent.com/noobsandnerds/modules4all/master/zips/addons.xml.md5</checksum>
			<datadir zip="true">https://raw.githubusercontent.com/noobsandnerds/modules4all/master/zips/</datadir>
		</dir>
		<info compressed="false">https://raw.githubusercontent.com/Garfield-de-Kat/repository.garfield/master/zips/addons.xml</info>
		<checksum>https://raw.githubusercontent.com/Garfield-de-Kat/repository.garfield/master/zips/addons.xml.md5</checksum>
		<datadir zip="true">https://raw.githubusercontent.com/Garfield-de-Kat/repository.garfield/master/zips/</datadir>
	</extension>
	<extension point="xbmc.addon.metadata">
		<summary lang="en">Quick one liner about the repository</summary>
		<description lang="en">Full repository description.</description>
		<genre>movies,other,dutch,irish,uk,usa</genre>
	</extension>
</addon>